{
  "version": "lstm-v1",
  "created_at": "2026-04-26T01:16:58.711842+00:00",
  "model_path": "C:\\Users\\dell\\Desktop\\pfe\\PFE\\python-ai\\models\\maintenance_lstm.h5",
  "dataset_path": "C:\\Users\\dell\\Desktop\\pfe\\PFE\\python-ai\\data\\lstm_dataset.csv",
  "sequence_length": 30,
  "window_stride": 1,
  "features": [
    "vibX",
    "vibY",
    "vibZ",
    "courant",
    "rpm",
    "pression"
  ],
  "class_names": [
    "normal",
    "warning",
    "critical"
  ],
  "label_to_index": {
    "normal": 0,
    "warning": 1,
    "critical": 2
  },
  "index_to_label": {
    "0": "normal",
    "1": "warning",
    "2": "critical"
  },
  "scaler": {
    "mean": [
      0.473019540309906,
      0.492443710565567,
      1.1922765970230103,
      3.780425786972046,
      0.8002573847770691,
      3.425699472427368
    ],
    "std": [
      0.8134081959724426,
      0.8090665340423584,
      0.6070828437805176,
      6.510408878326416,
      13.543280601501465,
      1.9506508111953735
    ]
  },
  "normal_baseline": {
    "vibX": {
      "mean": 0.02765517495572567,
      "std": 0.08710938692092896,
      "min": -1.2400000095367432,
      "max": 1.809999942779541
    },
    "vibY": {
      "mean": 0.04931466281414032,
      "std": 0.08633635938167572,
      "min": -1.4600000381469727,
      "max": 0.9100000262260437
    },
    "vibZ": {
      "mean": 0.8907317519187927,
      "std": 0.07312843203544617,
      "min": -1.4900000095367432,
      "max": 1.9700000286102295
    },
    "courant": {
      "mean": 0.017090346664190292,
      "std": 0.33142921328544617,
      "min": 0.0,
      "max": 7.570000171661377
    },
    "rpm": {
      "mean": 0.35949912667274475,
      "std": 17.394746780395508,
      "min": 0.0,
      "max": 1680.0
    },
    "pression": {
      "mean": 2.5899999141693115,
      "std": 1.0,
      "min": 2.5899999141693115,
      "max": 2.5899999141693115
    }
  },
  "thresholds": {
    "current_warning": 15.0,
    "current_critical": 20.0,
    "vibration_warning": 2.0,
    "vibration_critical": 3.0,
    "pressure_warning_low": 4.5,
    "pressure_warning_high": 10.0,
    "pressure_critical_low": 3.5,
    "pressure_critical_high": 11.0
  }
}