{
  "version": "lstm-v1",
  "created_at": "2026-04-23T23:04:39.549775+00:00",
  "model_path": "C:\\Users\\Rodawna\\cnc-pulse-dashboard\\python-ai\\models\\maintenance_lstm.h5",
  "dataset_path": "C:\\Users\\Rodawna\\cnc-pulse-dashboard\\python-ai\\data\\lstm_dataset.csv",
  "sequence_length": 30,
  "window_stride": 1,
  "features": [
    "vibX",
    "vibY",
    "vibZ",
    "courant",
    "rpm",
    "pression"
  ],
  "class_names": [
    "normal",
    "warning",
    "critical"
  ],
  "label_to_index": {
    "normal": 0,
    "warning": 1,
    "critical": 2
  },
  "index_to_label": {
    "0": "normal",
    "1": "warning",
    "2": "critical"
  },
  "scaler": {
    "mean": [
      0.3634318709373474,
      0.4072372615337372,
      1.1281218528747559,
      2.958754777908325,
      19.302364349365234,
      3.253925323486328
    ],
    "std": [
      0.7527557015419006,
      0.7428061962127686,
      0.5643377900123596,
      5.949246406555176,
      481.22698974609375,
      1.7673752307891846
    ]
  },
  "normal_baseline": {
    "vibX": {
      "mean": 0.009791495278477669,
      "std": 0.08758370578289032,
      "min": -1.7599999904632568,
      "max": 1.809999942779541
    },
    "vibY": {
      "mean": 0.05711803957819939,
      "std": 0.09357500076293945,
      "min": -1.4199999570846558,
      "max": 1.7400000095367432
    },
    "vibZ": {
      "mean": 0.8887488842010498,
      "std": 0.10443442314863205,
      "min": -1.8799999952316284,
      "max": 1.9700000286102295
    },
    "courant": {
      "mean": 0.007751244120299816,
      "std": 0.21432577073574066,
      "min": 0.0,
      "max": 6.010000228881836
    },
    "rpm": {
      "mean": 6.702849388122559,
      "std": 600.7203369140625,
      "min": 0.0,
      "max": 62400.0
    },
    "pression": {
      "mean": 2.5899999141693115,
      "std": 1.0,
      "min": 2.5899999141693115,
      "max": 2.5899999141693115
    }
  },
  "thresholds": {
    "current_warning": 15.0,
    "current_critical": 20.0,
    "vibration_warning": 2.0,
    "vibration_critical": 3.0,
    "pressure_warning_low": 4.5,
    "pressure_warning_high": 10.0,
    "pressure_critical_low": 3.5,
    "pressure_critical_high": 11.0
  }
}